Path,Name
C:\Users\saint\OneDrive\アプリ\Flashcards Deluxe\Listening Meida\森沢洋介_1-41-mp3.mp3,森沢洋介_1-41-mp3.mp3
C:\Users\saint\OneDrive\アプリ\Flashcards Deluxe\Listening Meida\森沢洋介_1-42-mp3.mp3,森沢洋介_1-42-mp3.mp3
C:\Users\saint\OneDrive\アプリ\Flashcards Deluxe\Listening Meida\森沢洋介_1-43-mp3.mp3,森沢洋介_1-43-mp3.mp3
C:\Users\saint\OneDrive\アプリ\Flashcards Deluxe\Listening Meida\森沢洋介_1-44-mp3.mp3,森沢洋介_1-44-mp3.mp3
C:\Users\saint\OneDrive\アプリ\Flashcards Deluxe\Listening Meida\森沢洋介_1-45-mp3.mp3,森沢洋介_1-45-mp3.mp3
C:\Users\saint\OneDrive\アプリ\Flashcards Deluxe\Listening Meida\森沢洋介_1-46-mp3.mp3,森沢洋介_1-46-mp3.mp3
C:\Users\saint\OneDrive\アプリ\Flashcards Deluxe\Listening Meida\森沢洋介_1-47-mp3.mp3,森沢洋介_1-47-mp3.mp3
C:\Users\saint\OneDrive\アプリ\Flashcards Deluxe\Listening Meida\森沢洋介_1-48-mp3.mp3,森沢洋介_1-48-mp3.mp3
C:\Users\saint\OneDrive\アプリ\Flashcards Deluxe\Listening Meida\森沢洋介_1-49-mp3.mp3,森沢洋介_1-49-mp3.mp3
C:\Users\saint\OneDrive\アプリ\Flashcards Deluxe\Listening Meida\森沢洋介_1-50-mp3.mp3,森沢洋介_1-50-mp3.mp3
C:\Users\saint\OneDrive\アプリ\Flashcards Deluxe\Listening Meida\森沢洋介_1-51-mp3.mp3,森沢洋介_1-51-mp3.mp3
C:\Users\saint\OneDrive\アプリ\Flashcards Deluxe\Listening Meida\森沢洋介_1-52-mp3.mp3,森沢洋介_1-52-mp3.mp3
C:\Users\saint\OneDrive\アプリ\Flashcards Deluxe\Listening Meida\森沢洋介_1-53-mp3.mp3,森沢洋介_1-53-mp3.mp3
C:\Users\saint\OneDrive\アプリ\Flashcards Deluxe\Listening Meida\森沢洋介_1-54-mp3.mp3,森沢洋介_1-54-mp3.mp3
C:\Users\saint\OneDrive\アプリ\Flashcards Deluxe\Listening Meida\森沢洋介_1-55-mp3.mp3,森沢洋介_1-55-mp3.mp3
C:\Users\saint\OneDrive\アプリ\Flashcards Deluxe\Listening Meida\森沢洋介_1-56-mp3.mp3,森沢洋介_1-56-mp3.mp3
C:\Users\saint\OneDrive\アプリ\Flashcards Deluxe\Listening Meida\森沢洋介_1-57-mp3.mp3,森沢洋介_1-57-mp3.mp3
C:\Users\saint\OneDrive\アプリ\Flashcards Deluxe\Listening Meida\森沢洋介_1-58-mp3.mp3,森沢洋介_1-58-mp3.mp3
C:\Users\saint\OneDrive\アプリ\Flashcards Deluxe\Listening Meida\森沢洋介_1-59-mp3.mp3,森沢洋介_1-59-mp3.mp3
C:\Users\saint\OneDrive\アプリ\Flashcards Deluxe\Listening Meida\森沢洋介_1-60-mp3.mp3,森沢洋介_1-60-mp3.mp3
C:\Users\saint\OneDrive\アプリ\Flashcards Deluxe\Listening Meida\森沢洋介_1-61-mp3.mp3,森沢洋介_1-61-mp3.mp3
C:\Users\saint\OneDrive\アプリ\Flashcards Deluxe\Listening Meida\森沢洋介_1-62-mp3.mp3,森沢洋介_1-62-mp3.mp3
C:\Users\saint\OneDrive\アプリ\Flashcards Deluxe\Listening Meida\森沢洋介_1-63-mp3.mp3,森沢洋介_1-63-mp3.mp3
C:\Users\saint\OneDrive\アプリ\Flashcards Deluxe\Listening Meida\森沢洋介_1-64-mp3.mp3,森沢洋介_1-64-mp3.mp3
C:\Users\saint\OneDrive\アプリ\Flashcards Deluxe\Listening Meida\森沢洋介_1-65-mp3.mp3,森沢洋介_1-65-mp3.mp3
C:\Users\saint\OneDrive\アプリ\Flashcards Deluxe\Listening Meida\森沢洋介_1-66-mp3.mp3,森沢洋介_1-66-mp3.mp3
C:\Users\saint\OneDrive\アプリ\Flashcards Deluxe\Listening Meida\森沢洋介_1-67-mp3.mp3,森沢洋介_1-67-mp3.mp3
C:\Users\saint\OneDrive\アプリ\Flashcards Deluxe\Listening Meida\森沢洋介_1-68-mp3.mp3,森沢洋介_1-68-mp3.mp3
C:\Users\saint\OneDrive\アプリ\Flashcards Deluxe\Listening Meida\森沢洋介_1-69-mp3.mp3,森沢洋介_1-69-mp3.mp3
C:\Users\saint\OneDrive\アプリ\Flashcards Deluxe\Listening Meida\森沢洋介_1-70-mp3.mp3,森沢洋介_1-70-mp3.mp3
C:\Users\saint\OneDrive\アプリ\Flashcards Deluxe\Listening Meida\森沢洋介_1-71-mp3.mp3,森沢洋介_1-71-mp3.mp3
C:\Users\saint\OneDrive\アプリ\Flashcards Deluxe\Listening Meida\森沢洋介_1-72-mp3.mp3,森沢洋介_1-72-mp3.mp3
C:\Users\saint\OneDrive\アプリ\Flashcards Deluxe\Listening Meida\森沢洋介_1-73-mp3.mp3,森沢洋介_1-73-mp3.mp3
C:\Users\saint\OneDrive\アプリ\Flashcards Deluxe\Listening Meida\森沢洋介_1-74-mp3.mp3,森沢洋介_1-74-mp3.mp3
C:\Users\saint\OneDrive\アプリ\Flashcards Deluxe\Listening Meida\森沢洋介_1-75-mp3.mp3,森沢洋介_1-75-mp3.mp3
C:\Users\saint\OneDrive\アプリ\Flashcards Deluxe\Listening Meida\森沢洋介_1-76-mp3.mp3,森沢洋介_1-76-mp3.mp3
C:\Users\saint\OneDrive\アプリ\Flashcards Deluxe\Listening Meida\森沢洋介_1-77-mp3.mp3,森沢洋介_1-77-mp3.mp3
C:\Users\saint\OneDrive\アプリ\Flashcards Deluxe\Listening Meida\森沢洋介_1-78-mp3.mp3,森沢洋介_1-78-mp3.mp3
C:\Users\saint\OneDrive\アプリ\Flashcards Deluxe\Listening Meida\森沢洋介_1-79-mp3.mp3,森沢洋介_1-79-mp3.mp3
C:\Users\saint\OneDrive\アプリ\Flashcards Deluxe\Listening Meida\森沢洋介_1-80-mp3.mp3,森沢洋介_1-80-mp3.mp3
